{"cameraMode":{"drawMode":0,"name":"Shaded","section":"Shading Mode"},"sceneLighting":true,"audioPlay":false,"sceneViewState":{"showFog":true,"showMaterialUpdate":false,"showSkybox":true,"showFlares":true,"showImageEffects":true,"showParticleSystems":true},"in2DMode":false,"pivot":{"x":-5.8517680168151859,"y":0.4886026382446289,"z":4.7637786865234379},"rotation":{"x":-0.2609027326107025,"y":0.018232958391308786,"z":-0.0049955169670283798,"w":-0.9652082324028015},"size":17.316892623901368,"orthographic":true}