{"cameraMode":{"drawMode":0,"name":"Shaded","section":"Shading Mode"},"sceneLighting":false,"audioPlay":false,"sceneViewState":{"showFog":true,"showMaterialUpdate":false,"showSkybox":true,"showFlares":true,"showImageEffects":true,"showParticleSystems":true},"in2DMode":false,"pivot":{"x":-12.312978744506836,"y":1.0284755229949952,"z":0.22075939178466798},"rotation":{"x":0.23025120794773103,"y":-0.036482226103544238,"z":0.008638693019747734,"w":0.9724197387695313},"size":8.093838691711426,"orthographic":false}