{"cameraMode":{"drawMode":0,"name":"Shaded","section":"Shading Mode"},"sceneLighting":false,"audioPlay":false,"sceneViewState":{"showFog":true,"showMaterialUpdate":false,"showSkybox":true,"showFlares":true,"showImageEffects":true,"showParticleSystems":true},"in2DMode":false,"pivot":{"x":0.07636642456054688,"y":1.22113037109375,"z":0.0263671875},"rotation":{"x":0.00025146169355139136,"y":-0.9983015060424805,"z":0.05846652016043663,"w":0.0038960641250014307},"size":1.9567625522613526,"orthographic":true}