{"cameraMode":{"drawMode":0,"name":"Shaded","section":"Shading Mode"},"sceneLighting":false,"audioPlay":false,"sceneViewState":{"showFog":true,"showMaterialUpdate":false,"showSkybox":true,"showFlares":true,"showImageEffects":true,"showParticleSystems":true},"in2DMode":false,"pivot":{"x":-1.5000004768371583,"y":0.0000014463439583778382,"z":1.5000009536743165},"rotation":{"x":-0.06607034057378769,"y":0.9245448112487793,"z":-0.3247690796852112,"w":-0.18808744847774507},"size":4.363965034484863,"orthographic":false}