{"cameraMode":{"drawMode":0,"name":"Shaded","section":"Shading Mode"},"sceneLighting":true,"audioPlay":false,"sceneViewState":{"showFog":true,"showMaterialUpdate":false,"showSkybox":true,"showFlares":true,"showImageEffects":true,"showParticleSystems":true},"in2DMode":false,"pivot":{"x":33.4970703125,"y":-3.419921875,"z":-39.927734375},"rotation":{"x":0.042859189212322238,"y":-0.03296096995472908,"z":0.0014406431000679732,"w":0.998542308807373},"size":16.358888626098634,"orthographic":true}