{"cameraMode":{"drawMode":0,"name":"Shaded","section":"Shading Mode"},"sceneLighting":true,"audioPlay":false,"sceneViewState":{"showFog":true,"showMaterialUpdate":false,"showSkybox":true,"showFlares":true,"showImageEffects":true,"showParticleSystems":true},"in2DMode":false,"pivot":{"x":19.01708984375,"y":0.371337890625,"z":-21.40447998046875},"rotation":{"x":0.14638938009738923,"y":-0.853143036365509,"z":0.3388037383556366,"w":0.36878323554992678},"size":2.1399569511413576,"orthographic":true}