{"cameraMode":{"drawMode":0,"name":"Shaded","section":"Shading Mode"},"sceneLighting":true,"audioPlay":false,"sceneViewState":{"showFog":true,"showMaterialUpdate":false,"showSkybox":true,"showFlares":true,"showImageEffects":true,"showParticleSystems":true},"in2DMode":false,"pivot":{"x":-0.5532369613647461,"y":0.0,"z":-2.234365224838257},"rotation":{"x":0.02663809061050415,"y":-0.8045907020568848,"z":0.036253686994314197,"w":0.592185378074646},"size":23.34524917602539,"orthographic":true}