{"cameraMode":{"drawMode":0,"name":"Shaded","section":"Shading Mode"},"sceneLighting":true,"audioPlay":false,"sceneViewState":{"showFog":true,"showMaterialUpdate":false,"showSkybox":true,"showFlares":true,"showImageEffects":true,"showParticleSystems":true},"in2DMode":false,"pivot":{"x":-5.361328125,"y":-0.0322265625,"z":4.182373046875},"rotation":{"x":0.27395209670066836,"y":0.002885051304474473,"z":-0.0008218627190217376,"w":0.9617417454719544},"size":10.095519065856934,"orthographic":true}