{"cameraMode":{"drawMode":0,"name":"Shaded","section":"Shading Mode"},"sceneLighting":true,"audioPlay":false,"sceneViewState":{"showFog":true,"showMaterialUpdate":false,"showSkybox":true,"showFlares":true,"showImageEffects":true,"showParticleSystems":true},"in2DMode":false,"pivot":{"x":19.999988555908204,"y":0.9480631351470947,"z":-20.0},"rotation":{"x":0.4144118130207062,"y":0.02729617804288864,"z":-0.01243609469383955,"w":0.9095983505249023},"size":29.06544303894043,"orthographic":true}