{"cameraMode":{"drawMode":0,"name":"Shaded","section":"Shading Mode"},"sceneLighting":true,"audioPlay":false,"sceneViewState":{"showFog":true,"showMaterialUpdate":false,"showSkybox":true,"showFlares":true,"showImageEffects":true,"showParticleSystems":true},"in2DMode":false,"pivot":{"x":-5.361328125,"y":-0.0322265625,"z":4.182373046875},"rotation":{"x":0.41056811809539797,"y":0.07236886769533158,"z":-0.032706573605537418,"w":0.9083736538887024},"size":14.303647994995118,"orthographic":true}