{"cameraMode":{"drawMode":0,"name":"Shaded","section":"Shading Mode"},"sceneLighting":true,"audioPlay":false,"sceneViewState":{"showFog":true,"showMaterialUpdate":false,"showSkybox":true,"showFlares":true,"showImageEffects":true,"showParticleSystems":true},"in2DMode":false,"pivot":{"x":-6.475078582763672,"y":-4.032822608947754,"z":10.156417846679688},"rotation":{"x":0.416575163602829,"y":0.09111344814300537,"z":-0.04200732335448265,"w":0.903548002243042},"size":21.52223777770996,"orthographic":false}