{"cameraMode":{"drawMode":0,"name":"Shaded","section":"Shading Mode"},"sceneLighting":true,"audioPlay":false,"sceneViewState":{"showFog":true,"showMaterialUpdate":false,"showSkybox":true,"showFlares":true,"showImageEffects":true,"showParticleSystems":true},"in2DMode":false,"pivot":{"x":23.222036361694337,"y":-18.5,"z":-24.164306640625},"rotation":{"x":0.7138735055923462,"y":0.005062654614448547,"z":-0.005101603455841541,"w":0.70029217004776},"size":109.28285217285156,"orthographic":true}