{"cameraMode":{"drawMode":0,"name":"Shaded","section":"Shading Mode"},"sceneLighting":true,"audioPlay":false,"sceneViewState":{"showFog":true,"showMaterialUpdate":false,"showSkybox":true,"showFlares":true,"showImageEffects":true,"showParticleSystems":true},"in2DMode":false,"pivot":{"x":-21.650190353393556,"y":-14.229873657226563,"z":6.128582000732422},"rotation":{"x":0.28809863328933718,"y":-0.6389711499214172,"z":0.28076061606407168,"w":0.6556711792945862},"size":33.44438934326172,"orthographic":false}