{"cameraMode":{"drawMode":0,"name":"Shaded","section":"Shading Mode"},"sceneLighting":true,"audioPlay":false,"sceneViewState":{"showFog":true,"showMaterialUpdate":false,"showSkybox":true,"showFlares":true,"showImageEffects":true,"showParticleSystems":true},"in2DMode":false,"pivot":{"x":20.09369468688965,"y":1.6829999685287476,"z":-19.648998260498048},"rotation":{"x":0.11903031915426254,"y":0.0372287891805172,"z":-0.0044360775500535969,"w":0.9921824932098389},"size":3.628326654434204,"orthographic":true}