{"cameraMode":{"drawMode":0,"name":"Shaded","section":"Shading Mode"},"sceneLighting":true,"audioPlay":false,"sceneViewState":{"showFog":true,"showMaterialUpdate":false,"showSkybox":true,"showFlares":true,"showImageEffects":true,"showParticleSystems":true},"in2DMode":false,"pivot":{"x":26.318756103515626,"y":0.296875,"z":-20.9931640625},"rotation":{"x":0.21503297984600068,"y":0.6647967100143433,"z":-0.20892691612243653,"w":0.6842211484909058},"size":25.10542869567871,"orthographic":true}