{"cameraMode":{"drawMode":0,"name":"Shaded","section":"Shading Mode"},"sceneLighting":true,"audioPlay":false,"sceneViewState":{"showFog":true,"showMaterialUpdate":false,"showSkybox":true,"showFlares":true,"showImageEffects":true,"showParticleSystems":true},"in2DMode":false,"pivot":{"x":-6.346536636352539,"y":-0.3287510871887207,"z":8.104781150817871},"rotation":{"x":0.47320419549942019,"y":0.04093699902296066,"z":-0.02202065847814083,"w":0.8797371983528137},"size":7.144679069519043,"orthographic":false}