{"cameraMode":{"drawMode":0,"name":"Shaded","section":"Shading Mode"},"sceneLighting":true,"audioPlay":false,"sceneViewState":{"showFog":true,"showMaterialUpdate":false,"showSkybox":true,"showFlares":true,"showImageEffects":true,"showParticleSystems":true},"in2DMode":false,"pivot":{"x":-13.101486206054688,"y":-15.081920623779297,"z":8.008508682250977},"rotation":{"x":0.389360636472702,"y":-0.49118369817733767,"z":0.26041731238365176,"w":0.7343930006027222},"size":33.44438934326172,"orthographic":false}