{"cameraMode":{"drawMode":0,"name":"Shaded","section":"Shading Mode"},"sceneLighting":true,"audioPlay":false,"sceneViewState":{"showFog":true,"showMaterialUpdate":false,"showSkybox":true,"showFlares":true,"showImageEffects":true,"showParticleSystems":true},"in2DMode":false,"pivot":{"x":38.75640869140625,"y":-3.328125,"z":-26.4404296875},"rotation":{"x":0.6922599077224731,"y":0.021448710933327676,"z":-0.020524263381958009,"w":0.7210896611213684},"size":107.0176773071289,"orthographic":true}