{"cameraMode":{"drawMode":0,"name":"Shaded","section":"Shading Mode"},"sceneLighting":true,"audioPlay":false,"sceneViewState":{"showFog":true,"showMaterialUpdate":false,"showSkybox":true,"showFlares":true,"showImageEffects":true,"showParticleSystems":true},"in2DMode":false,"pivot":{"x":-5.8517680168151859,"y":0.4886026382446289,"z":4.7637786865234379},"rotation":{"x":-0.24772801995277406,"y":0.47612127661705019,"z":-0.14187707006931306,"w":-0.8317787051200867},"size":17.316892623901368,"orthographic":true}