{"cameraMode":{"drawMode":0,"name":"Shaded","section":"Shading Mode"},"sceneLighting":true,"audioPlay":false,"sceneViewState":{"showFog":true,"showMaterialUpdate":false,"showSkybox":true,"showFlares":true,"showImageEffects":true,"showParticleSystems":true},"in2DMode":false,"pivot":{"x":47.95536804199219,"y":31.453125,"z":-44.651611328125},"rotation":{"x":0.7095483541488648,"y":0.013544047251343727,"z":-0.013598170131444931,"w":0.7044509649276733},"size":125.04096984863281,"orthographic":true}