{"cameraMode":{"drawMode":0,"name":"Shaded","section":"Shading Mode"},"sceneLighting":true,"audioPlay":false,"sceneViewState":{"showFog":true,"showMaterialUpdate":false,"showSkybox":true,"showFlares":true,"showImageEffects":true,"showParticleSystems":true},"in2DMode":false,"pivot":{"x":-5.8517680168151859,"y":0.4886026382446289,"z":4.7637786865234379},"rotation":{"x":-0.38134196400642397,"y":0.03269675746560097,"z":-0.013566813431680203,"w":-0.9237793684005737},"size":17.316892623901368,"orthographic":true}