{"cameraMode":{"drawMode":0,"name":"Shaded","section":"Shading Mode"},"sceneLighting":false,"audioPlay":false,"sceneViewState":{"showFog":true,"showMaterialUpdate":false,"showSkybox":true,"showFlares":true,"showImageEffects":true,"showParticleSystems":true},"in2DMode":false,"pivot":{"x":0.0,"y":1.6629999876022339,"z":-0.06300000101327896},"rotation":{"x":0.029932580888271333,"y":0.7013946175575256,"z":-0.029448658227920533,"w":0.7115804553031921},"size":2.181373119354248,"orthographic":true}