{"cameraMode":{"drawMode":0,"name":"Shaded","section":"Shading Mode"},"sceneLighting":true,"audioPlay":false,"sceneViewState":{"showFog":true,"showMaterialUpdate":false,"showSkybox":true,"showFlares":true,"showImageEffects":true,"showParticleSystems":true},"in2DMode":false,"pivot":{"x":9.5367431640625e-7,"y":1.2937384843826295,"z":0.013635382056236267},"rotation":{"x":-0.011146726086735726,"y":0.9819532632827759,"z":-0.17868788540363313,"w":-0.06134488433599472},"size":6.690669059753418,"orthographic":true}