{"cameraMode":{"drawMode":0,"name":"Shaded","section":"Shading Mode"},"sceneLighting":true,"audioPlay":false,"sceneViewState":{"showFog":true,"showMaterialUpdate":false,"showSkybox":true,"showFlares":true,"showImageEffects":true,"showParticleSystems":true},"in2DMode":false,"pivot":{"x":9.377954483032227,"y":0.975356936454773,"z":-19.53680992126465},"rotation":{"x":0.1668829470872879,"y":-0.3358916640281677,"z":0.060647398233413699,"w":0.9250520467758179},"size":9.593456268310547,"orthographic":true}