{"cameraMode":{"drawMode":0,"name":"Shaded","section":"Shading Mode"},"sceneLighting":true,"audioPlay":false,"sceneViewState":{"showFog":true,"showMaterialUpdate":false,"showSkybox":true,"showFlares":true,"showImageEffects":true,"showParticleSystems":true},"in2DMode":false,"pivot":{"x":-5.361328125,"y":-0.0322265625,"z":4.182373046875},"rotation":{"x":0.3579734265804291,"y":0.07969500869512558,"z":-0.030678600072860719,"w":0.9298245310783386},"size":14.303647994995118,"orthographic":true}