{"cameraMode":{"drawMode":0,"name":"Shaded","section":"Shading Mode"},"sceneLighting":false,"audioPlay":false,"sceneViewState":{"showFog":true,"showMaterialUpdate":false,"showSkybox":true,"showFlares":true,"showImageEffects":true,"showParticleSystems":true},"in2DMode":false,"pivot":{"x":0.0,"y":1.6829999685287476,"z":0.061000000685453418},"rotation":{"x":0.23222672939300538,"y":-0.33883237838745119,"z":0.08671756088733673,"w":0.9076031446456909},"size":5.603908538818359,"orthographic":true}