{"cameraMode":{"drawMode":0,"name":"Shaded","section":"Shading Mode"},"sceneLighting":false,"audioPlay":false,"sceneViewState":{"showFog":true,"showMaterialUpdate":false,"showSkybox":true,"showFlares":true,"showImageEffects":true,"showParticleSystems":true},"in2DMode":false,"pivot":{"x":-0.33203125,"y":1.19757080078125,"z":-0.03515625},"rotation":{"x":0.001043106778524816,"y":0.7302786111831665,"z":-0.001080069225281477,"w":0.6832036375999451},"size":2.1117591857910158,"orthographic":true}