{"cameraMode":{"drawMode":0,"name":"Shaded","section":"Shading Mode"},"sceneLighting":true,"audioPlay":false,"sceneViewState":{"showFog":true,"showMaterialUpdate":false,"showSkybox":true,"showFlares":true,"showImageEffects":true,"showParticleSystems":true},"in2DMode":false,"pivot":{"x":0.0,"y":1.190000057220459,"z":4.170000076293945},"rotation":{"x":-0.19821232557296754,"y":0.004988938104361296,"z":-0.0008527167956344783,"w":-0.9803318977355957},"size":13.882140159606934,"orthographic":true}