{"cameraMode":{"drawMode":0,"name":"Shaded","section":"Shading Mode"},"sceneLighting":true,"audioPlay":false,"sceneViewState":{"showFog":true,"showMaterialUpdate":false,"showSkybox":true,"showFlares":true,"showImageEffects":true,"showParticleSystems":true},"in2DMode":false,"pivot":{"x":29.176504135131837,"y":-10.768543243408204,"z":-11.9876708984375},"rotation":{"x":0.4310472011566162,"y":0.06756772100925446,"z":-0.03238929063081741,"w":0.8992130160331726},"size":69.93943786621094,"orthographic":false}