{"cameraMode":{"drawMode":0,"name":"Shaded","section":"Shading Mode"},"sceneLighting":true,"audioPlay":false,"sceneViewState":{"showFog":true,"showMaterialUpdate":false,"showSkybox":true,"showFlares":true,"showImageEffects":true,"showParticleSystems":true},"in2DMode":false,"pivot":{"x":-5.6566162109375,"y":3.6416015625,"z":3.78125},"rotation":{"x":0.24933528900146485,"y":0.011340915225446225,"z":-0.0028226880822330715,"w":0.9683988690376282},"size":13.054620742797852,"orthographic":true}