{"cameraMode":{"drawMode":0,"name":"Shaded","section":"Shading Mode"},"sceneLighting":false,"audioPlay":false,"sceneViewState":{"showFog":true,"showMaterialUpdate":false,"showSkybox":true,"showFlares":true,"showImageEffects":true,"showParticleSystems":true},"in2DMode":false,"pivot":{"x":5.656899452209473,"y":-4.167665958404541,"z":13.604597091674805},"rotation":{"x":0.17398640513420106,"y":0.08261401951313019,"z":-0.014648322016000748,"w":0.9811769723892212},"size":25.284229278564454,"orthographic":false}