{"cameraMode":{"drawMode":0,"name":"Shaded","section":"Shading Mode"},"sceneLighting":false,"audioPlay":false,"sceneViewState":{"showFog":true,"showMaterialUpdate":false,"showSkybox":true,"showFlares":true,"showImageEffects":true,"showParticleSystems":true},"in2DMode":false,"pivot":{"x":-0.33203125,"y":1.19757080078125,"z":-0.03515625},"rotation":{"x":-0.027914762496948243,"y":0.6971988677978516,"z":0.027221182361245157,"w":0.7158658504486084},"size":2.3533170223236086,"orthographic":true}