{"cameraMode":{"drawMode":0,"name":"Shaded","section":"Shading Mode"},"sceneLighting":true,"audioPlay":false,"sceneViewState":{"showFog":true,"showMaterialUpdate":false,"showSkybox":true,"showFlares":true,"showImageEffects":true,"showParticleSystems":true},"in2DMode":false,"pivot":{"x":512.49609375,"y":300.64892578125,"z":0.25},"rotation":{"x":0.0000015308671663660789,"y":0.005689338780939579,"z":0.00004139606608077884,"w":1.0000202655792237},"size":517.2508544921875,"orthographic":true}