{"cameraMode":{"drawMode":0,"name":"Shaded","section":"Shading Mode"},"sceneLighting":true,"audioPlay":false,"sceneViewState":{"showFog":true,"showMaterialUpdate":false,"showSkybox":true,"showFlares":true,"showImageEffects":true,"showParticleSystems":true},"in2DMode":false,"pivot":{"x":-6.011772155761719,"y":2.69921875,"z":4.5986328125},"rotation":{"x":0.33254778385162356,"y":-0.005909975152462721,"z":0.0022333688102662565,"w":0.9431029558181763},"size":12.63241958618164,"orthographic":true}