{"cameraMode":{"drawMode":0,"name":"Shaded","section":"Shading Mode"},"sceneLighting":true,"audioPlay":false,"sceneViewState":{"showFog":true,"showMaterialUpdate":false,"showSkybox":true,"showFlares":true,"showImageEffects":true,"showParticleSystems":true},"in2DMode":false,"pivot":{"x":24.528518676757814,"y":0.91015625,"z":-10.55078125},"rotation":{"x":0.22311194241046906,"y":0.004085102584213018,"z":-0.0009120508912019432,"w":0.9748120307922363},"size":28.35553550720215,"orthographic":true}