{"cameraMode":{"drawMode":0,"name":"Shaded","section":"Shading Mode"},"sceneLighting":false,"audioPlay":false,"sceneViewState":{"showFog":true,"showMaterialUpdate":false,"showSkybox":true,"showFlares":true,"showImageEffects":true,"showParticleSystems":true},"in2DMode":false,"pivot":{"x":1.3750005960464478,"y":1.8750004768371583,"z":2.999998092651367},"rotation":{"x":0.04613959416747093,"y":0.9463217854499817,"z":-0.15610139071941377,"w":0.27941185235977175},"size":12.847249031066895,"orthographic":true}