{"cameraMode":{"drawMode":0,"name":"Shaded","section":"Shading Mode"},"sceneLighting":true,"audioPlay":false,"sceneViewState":{"showFog":true,"showMaterialUpdate":false,"showSkybox":true,"showFlares":true,"showImageEffects":true,"showParticleSystems":true},"in2DMode":false,"pivot":{"x":-5.361328125,"y":-0.0322265625,"z":4.182373046875},"rotation":{"x":0.36480918526649477,"y":0.01815541833639145,"z":-0.007112117484211922,"w":0.9308845400810242},"size":14.303647994995118,"orthographic":true}