{"cameraMode":{"drawMode":0,"name":"Shaded","section":"Shading Mode"},"sceneLighting":false,"audioPlay":false,"sceneViewState":{"showFog":true,"showMaterialUpdate":false,"showSkybox":true,"showFlares":true,"showImageEffects":true,"showParticleSystems":true},"in2DMode":false,"pivot":{"x":0.425384521484375,"y":2.4970703125,"z":8.0068359375},"rotation":{"x":-0.0021595126017928125,"y":-0.9958099126815796,"z":0.08835934102535248,"w":-0.024498991668224336},"size":6.447749137878418,"orthographic":true}