{"cameraMode":{"drawMode":0,"name":"Shaded","section":"Shading Mode"},"sceneLighting":false,"audioPlay":false,"sceneViewState":{"showFog":true,"showMaterialUpdate":false,"showSkybox":true,"showFlares":true,"showImageEffects":true,"showParticleSystems":true},"in2DMode":false,"pivot":{"x":1.914642333984375,"y":1.6124267578125,"z":1.740234375},"rotation":{"x":0.010488343425095082,"y":-0.04708116129040718,"z":0.0004945230903103948,"w":0.9988375306129456},"size":8.190503120422364,"orthographic":true}