{"cameraMode":{"drawMode":0,"name":"Shaded","section":"Shading Mode"},"sceneLighting":true,"audioPlay":false,"sceneViewState":{"showFog":true,"showMaterialUpdate":false,"showSkybox":true,"showFlares":true,"showImageEffects":true,"showParticleSystems":true},"in2DMode":false,"pivot":{"x":-5.025390625,"y":-0.841796875,"z":4.66943359375},"rotation":{"x":0.4577835202217102,"y":0.005345647223293781,"z":-0.0027256228495389225,"w":0.8890647292137146},"size":12.212990760803223,"orthographic":true}