{"cameraMode":{"drawMode":0,"name":"Shaded","section":"Shading Mode"},"sceneLighting":true,"audioPlay":false,"sceneViewState":{"showFog":true,"showMaterialUpdate":false,"showSkybox":true,"showFlares":true,"showImageEffects":true,"showParticleSystems":true},"in2DMode":false,"pivot":{"x":20.013601303100587,"y":0.9830628633499146,"z":-20.0},"rotation":{"x":0.1698707789182663,"y":0.6875905990600586,"z":-0.17042377591133119,"w":0.6851173639297485},"size":5.279407978057861,"orthographic":true}