{"cameraMode":{"drawMode":0,"name":"Shaded","section":"Shading Mode"},"sceneLighting":true,"audioPlay":false,"sceneViewState":{"showFog":true,"showMaterialUpdate":false,"showSkybox":true,"showFlares":true,"showImageEffects":true,"showParticleSystems":true},"in2DMode":false,"pivot":{"x":19.74713134765625,"y":0.9150390625,"z":-18.70068359375},"rotation":{"x":0.02269172854721546,"y":0.845984935760498,"z":-0.5315686464309692,"w":0.03604711964726448},"size":9.299461364746094,"orthographic":true}