{"cameraMode":{"drawMode":0,"name":"Shaded","section":"Shading Mode"},"sceneLighting":false,"audioPlay":false,"sceneViewState":{"showFog":true,"showMaterialUpdate":false,"showSkybox":true,"showFlares":true,"showImageEffects":true,"showParticleSystems":true},"in2DMode":false,"pivot":{"x":9.5367431640625e-7,"y":1.2937384843826295,"z":0.013635382056236267},"rotation":{"x":0.00010885202209465206,"y":0.9996752738952637,"z":0.0029968528542667629,"w":-0.026386503130197526},"size":6.690669059753418,"orthographic":true}