{"cameraMode":{"drawMode":0,"name":"Shaded","section":"Shading Mode"},"sceneLighting":true,"audioPlay":false,"sceneViewState":{"showFog":true,"showMaterialUpdate":false,"showSkybox":true,"showFlares":true,"showImageEffects":true,"showParticleSystems":true},"in2DMode":false,"pivot":{"x":36.99462890625,"y":0.0078125,"z":-49.0595703125},"rotation":{"x":0.7252160310745239,"y":0.013244403526186943,"z":-0.013885727152228356,"w":0.6883088946342468},"size":147.69219970703126,"orthographic":true}