{"cameraMode":{"drawMode":0,"name":"Shaded","section":"Shading Mode"},"sceneLighting":false,"audioPlay":false,"sceneViewState":{"showFog":true,"showMaterialUpdate":false,"showSkybox":true,"showFlares":true,"showImageEffects":true,"showParticleSystems":true},"in2DMode":false,"pivot":{"x":9.5367431640625e-7,"y":1.2937384843826295,"z":0.013635382056236267},"rotation":{"x":0.48177239298820498,"y":0.508455216884613,"z":-0.43001052737236025,"w":0.5696651935577393},"size":3.346222162246704,"orthographic":true}