{"cameraMode":{"drawMode":0,"name":"Shaded","section":"Shading Mode"},"sceneLighting":true,"audioPlay":false,"sceneViewState":{"showFog":true,"showMaterialUpdate":false,"showSkybox":true,"showFlares":true,"showImageEffects":true,"showParticleSystems":true},"in2DMode":false,"pivot":{"x":43.68825149536133,"y":27.125,"z":-48.763671875},"rotation":{"x":0.6225122213363648,"y":0.011517037637531758,"z":-0.009124839678406716,"w":0.7825228571891785},"size":219.74205017089845,"orthographic":true}