{"cameraMode":{"drawMode":0,"name":"Shaded","section":"Shading Mode"},"sceneLighting":false,"audioPlay":false,"sceneViewState":{"showFog":true,"showMaterialUpdate":false,"showSkybox":true,"showFlares":true,"showImageEffects":true,"showParticleSystems":true},"in2DMode":false,"pivot":{"x":0.029296875,"y":1.8662109375,"z":-0.246124267578125},"rotation":{"x":0.09874751418828964,"y":0.697316586971283,"z":-0.09790460765361786,"w":0.7032079100608826},"size":6.023586750030518,"orthographic":true}